"VM","Cluster","Disk","CapacityGB","StorageFormat","Persistence","Filename"
"vCLS-de95cb6c-4ac9-481f-a759-8a1de8d1f4aa","CLUSTER_PF_FLOOZ_PROD","Hard disk 1","2","Thin","Persistent","[DS_FLZN_DATA_REPDB_2(2)] vCLS-de95cb6c-4ac9-481f-a759-8a1de8d1f4aa/vCLS-de95cb6c-4ac9-481f-a759-8a1de8d1f4aa.vmdk"
"vCLS-480e8884-21ea-4b85-aa98-a11aeea5c965","CLUSTER_PF_FLOOZ_PROD","Hard disk 1","2","Thin","Persistent","[DS_FLZN_DATA_REPDB_2(2)] vCLS-480e8884-21ea-4b85-aa98-a11aeea5c965/vCLS-480e8884-21ea-4b85-aa98-a11aeea5c965.vmdk"
"vCLS-9196713c-da6a-4dbb-bbe4-634160c064c2","CLUSTER_PF_FLOOZ_PROD","Hard disk 1","2","Thin","Persistent","[DS_FLZN_DATA_REPDB_1(2)] vCLS-9196713c-da6a-4dbb-bbe4-634160c064c2/vCLS-9196713c-da6a-4dbb-bbe4-634160c064c2.vmdk"
"vproxy-fz","CLUSTER_PF_FLOOZ_PROD","Hard disk 1","58,59","Thick","Persistent","[DS_FLZN_OS_APP] vproxy-fz/vproxy-fz.vmdk"
"vproxy-fz","CLUSTER_PF_FLOOZ_PROD","Hard disk 2","97,66","Thick","Persistent","[DS_FLZN_OS_APP] vproxy-fz/vproxy-fz_1.vmdk"
"TG002VMOCD001","CLUSTER_PF_FLOOZ_PROD","Hard disk 1","300","Thin","Persistent","[DS_PROJET_OCD] TG002VMOCD001/TG002VMOCD001.vmdk"
"TG002VMOCD002","CLUSTER_PF_FLOOZ_PROD","Hard disk 1","512","Thin","Persistent","[DS_PROJET_OCD] TG002VMOCD002/TG002VMOCD002.vmdk"
"TG002VMOCD003","CLUSTER_PF_FLOOZ_PROD","Hard disk 1","512","Thick","Persistent","[DS_PROJET_OCD] TG002VMOCD003/TG002VMOCD003.vmdk"
"TG002VMOCD004","CLUSTER_PF_FLOOZ_PROD","Hard disk 1","2048","Thick","Persistent","[DS_PROJET_OCD] TG002VMOCD004/TG002VMOCD004.vmdk"
"TG002VMOCD005","CLUSTER_PF_FLOOZ_PROD","Hard disk 1","1024","Thin","Persistent","[DS_PROJET_OCD] TG002VMOCD005/TG002VMOCD005.vmdk"
"TG002VMAPP220","CLUSTER_PF_FLOOZ_PROD","Hard disk 1","150","EagerZeroedThick","Persistent","[DS_OS_MPM] TG002VMAPP220/TG002VMAPP220-000001.vmdk"
"TG002VMCRD001","CLUSTER_PF_FLOOZ_PROD","Hard disk 1","100","Thin","Persistent","[DS_COD_CREDABLE] TG002VMCRD001/TG002VMCRD001.vmdk"
"TG002VMCRD002","CLUSTER_PF_FLOOZ_PROD","Hard disk 1","100","Thin","Persistent","[DS_COD_CREDABLE] TG002VMCRD002/TG002VMCRD002.vmdk"
"TG002VMCRD003","CLUSTER_PF_FLOOZ_PROD","Hard disk 1","200","Thin","Persistent","[DS_COD_CREDABLE] TG002VMCRD003/TG002VMCRD003.vmdk"
"TG002VMCRD004","CLUSTER_PF_FLOOZ_PROD","Hard disk 1","500","Thin","Persistent","[DS_COD_CREDABLE] TG002VMCRD004/TG002VMCRD004.vmdk"
"TG002VMCRD005","CLUSTER_PF_FLOOZ_PROD","Hard disk 1","500","Thin","Persistent","[DS_COD_CREDABLE] TG002VMCRD005/TG002VMCRD005.vmdk"
"TG002VMCRD006","CLUSTER_PF_FLOOZ_PROD","Hard disk 1","500","Thin","Persistent","[DS_COD_CREDABLE] TG002VMCRD006/TG002VMCRD006.vmdk"
"TG002VMCRD007","CLUSTER_PF_FLOOZ_PROD","Hard disk 1","500","Thin","Persistent","[DS_COD_CREDABLE] TG002VMCRD007/TG002VMCRD007.vmdk"
"TG002VMCRD008","CLUSTER_PF_FLOOZ_PROD","Hard disk 1","200","Thin","Persistent","[DS_COD_CREDABLE] TG002VMCRD008/TG002VMCRD008.vmdk"
"TG002VMCRD009","CLUSTER_PF_FLOOZ_PROD","Hard disk 1","100","Thin","Persistent","[DS_COD_CREDABLE] TG002VMCRD009/TG002VMCRD009.vmdk"
"TG002VMCRD010","CLUSTER_PF_FLOOZ_PROD","Hard disk 1","100","Thin","Persistent","[DS_COD_CREDABLE] TG002VMCRD010/TG002VMCRD010.vmdk"
"TG002VMCRD001_UAT","CLUSTER_PF_FLOOZ_PROD","Hard disk 1","100","Thin","Persistent","[DS_COD_CREDABLE] TG002VMCRD001_UAT/TG002VMCRD001_UAT_1.vmdk"
"TG002VMCRD002_UAT","CLUSTER_PF_FLOOZ_PROD","Hard disk 1","200","Thin","Persistent","[DS_COD_CREDABLE] TG002VMCRD002_UAT/TG002VMCRD002_UAT.vmdk"
"TG002VMCRD003_UAT","CLUSTER_PF_FLOOZ_PROD","Hard disk 1","200","Thin","Persistent","[DS_COD_CREDABLE] TG002VMCRD003_UAT/TG002VMCRD003_UAT.vmdk"
"TG002VMCRD004_UAT","CLUSTER_PF_FLOOZ_PROD","Hard disk 1","300","Thin","Persistent","[DS_COD_CREDABLE] TG002VMCRD004_UAT/TG002VMCRD004_UAT.vmdk"
"TG002VMAPP193","CLUSTER_PF_FLOOZ_PROD","Hard disk 1","200","Thick","Persistent","[DS_OS_PORTING (1)] TG002VMANDMM/TG002VMANDMM.vmdk"
"TG002VMAPP193","CLUSTER_PF_FLOOZ_PROD","Hard disk 2","300","Thin","Persistent","[DS_DATA_APP133] TG002VMAPP193/TG002VMAPP193.vmdk"
"TG002VMAPP193","CLUSTER_PF_FLOOZ_PROD","Hard disk 3","1500","Thin","Persistent","[DS_DATA_APP133] TG002VMAPP193/TG002VMAPP193_1.vmdk"
"TG002VMINF107","CLUSTER_PF_FLOOZ_PROD","Hard disk 1","48,56","Thin","Persistent","[DS_OS_VCT] TG002VMINF107/TG002VMINF107-000005.vmdk"
"TG002VMINF107","CLUSTER_PF_FLOOZ_PROD","Hard disk 2","6,91","Thin","Persistent","[DS_OS_VCT] TG002VMINF107/TG002VMINF107_1-000005.vmdk"
"TG002VMINF107","CLUSTER_PF_FLOOZ_PROD","Hard disk 3","25","Thin","Persistent","[DS_OS_VCT] TG002VMINF107/TG002VMINF107_2-000005.vmdk"
"TG002VMINF107","CLUSTER_PF_FLOOZ_PROD","Hard disk 4","25","Thin","Persistent","[DS_OS_VCT] TG002VMINF107/TG002VMINF107_3-000005.vmdk"
"TG002VMINF107","CLUSTER_PF_FLOOZ_PROD","Hard disk 5","10","Thin","Persistent","[DS_OS_VCT] TG002VMINF107/TG002VMINF107_4-000005.vmdk"
"TG002VMINF107","CLUSTER_PF_FLOOZ_PROD","Hard disk 6","10","Thin","Persistent","[DS_OS_VCT] TG002VMINF107/TG002VMINF107_5-000005.vmdk"
"TG002VMINF107","CLUSTER_PF_FLOOZ_PROD","Hard disk 7","15","Thin","Persistent","[DS_OS_VCT] TG002VMINF107/TG002VMINF107_6-000005.vmdk"
"TG002VMINF107","CLUSTER_PF_FLOOZ_PROD","Hard disk 8","10","Thin","Persistent","[DS_OS_VCT] TG002VMINF107/TG002VMINF107_7-000005.vmdk"
"TG002VMINF107","CLUSTER_PF_FLOOZ_PROD","Hard disk 9","1","Thin","Persistent","[DS_OS_VCT] TG002VMINF107/TG002VMINF107_8-000005.vmdk"
"TG002VMINF107","CLUSTER_PF_FLOOZ_PROD","Hard disk 10","10","Thin","Persistent","[DS_OS_VCT] TG002VMINF107/TG002VMINF107_9-000005.vmdk"
"TG002VMINF107","CLUSTER_PF_FLOOZ_PROD","Hard disk 11","10","Thin","Persistent","[DS_OS_VCT] TG002VMINF107/TG002VMINF107_10-000005.vmdk"
"TG002VMINF107","CLUSTER_PF_FLOOZ_PROD","Hard disk 12","100","Thin","Persistent","[DS_OS_VCT] TG002VMINF107/TG002VMINF107_11-000005.vmdk"
"TG002VMINF107","CLUSTER_PF_FLOOZ_PROD","Hard disk 13","50","Thin","Persistent","[DS_OS_VCT] TG002VMINF107/TG002VMINF107_12-000005.vmdk"
"TG002VMINF107","CLUSTER_PF_FLOOZ_PROD","Hard disk 14","10","Thin","Persistent","[DS_OS_VCT] TG002VMINF107/TG002VMINF107_13-000005.vmdk"
"TG002VMINF107","CLUSTER_PF_FLOOZ_PROD","Hard disk 15","5","Thin","Persistent","[DS_OS_VCT] TG002VMINF107/TG002VMINF107_14-000005.vmdk"
"TG002VMINF107","CLUSTER_PF_FLOOZ_PROD","Hard disk 16","100","Thin","Persistent","[DS_OS_VCT] TG002VMINF107/TG002VMINF107_15-000005.vmdk"
"TG002VMINF107","CLUSTER_PF_FLOOZ_PROD","Hard disk 17","150","Thin","Persistent","[DS_OS_VCT] TG002VMINF107/TG002VMINF107_16-000005.vmdk"
"TEST-01","CLUSTER_PF_FLOOZ_PROD","Hard disk 1","90","Thick","Persistent","[DS_FLZN_DATA_API_1] TEST-01/TEST-01.vmdk"
"TEST-02","CLUSTER_PF_FLOOZ_PROD","Hard disk 1","90","Thick","Persistent","[DS_FLZN_DATA_API_1] TEST-02/TEST-02.vmdk"
"TG002VMAPI210","CLUSTER_PF_FLOOZ_PROD","Hard disk 1","500","Thick","Persistent","[DS_FLZN_OS_API_1] TG002VMAPI210/TG002VMAPI210.vmdk"
"TG002VMAPI211","CLUSTER_PF_FLOOZ_PROD","Hard disk 1","500","Thick","Persistent","[DS_FLZN_OS_API_2] TG002VMAPI211/TG002VMAPI211.vmdk"
"TG002VMDBO218","CLUSTER_PF_FLOOZ_PROD","Hard disk 1","1024","Thick","Persistent","[DS_FLZN_OS_BD_1] TG002VMDBO218/TG002VMDBO218.vmdk"
"TG002VMDBO218","CLUSTER_PF_FLOOZ_PROD","Hard disk 2","2048","Thick","Persistent","[DS_FLZN_DATA_BD_1] TG002VMDBO218/TG002VMDBO218.vmdk"
"TG002VMDBO218","CLUSTER_PF_FLOOZ_PROD","Hard disk 3","2048","Thick","Persistent","[DS_FLZN_DATA_BD_1] TG002VMDBO218/TG002VMDBO218_1.vmdk"
"TG002VMDBO218","CLUSTER_PF_FLOOZ_PROD","Hard disk 4","2048","Thick","Persistent","[DS_FLZN_DATA_BD_1] TG002VMDBO218/TG002VMDBO218_2.vmdk"
"TG002VMDBO218","CLUSTER_PF_FLOOZ_PROD","Hard disk 5","2048","Thick","Persistent","[DS_FLZN_DATA_BD_1] TG002VMDBO218/TG002VMDBO218_3.vmdk"
"TG002VMDBO218","CLUSTER_PF_FLOOZ_PROD","Hard disk 6","2048","Thick","Persistent","[DS_FLZN_DATA_BD_1] TG002VMDBO218/TG002VMDBO218_4.vmdk"
"TG002VMDBO219","CLUSTER_PF_FLOOZ_PROD","Hard disk 1","1024","Thick","Persistent","[DS_FLZN_OS_BD_2] TG002VMDBO219/TG002VMDBO219.vmdk"
"TG002VMDBO219","CLUSTER_PF_FLOOZ_PROD","Hard disk 2","2048","EagerZeroedThick","Persistent","[DS_FLZN_DATA_BD] TG002VMDBO219/TG002VMDBO219.vmdk"
"TG002VMDBO219","CLUSTER_PF_FLOOZ_PROD","Hard disk 3","2048","EagerZeroedThick","Persistent","[DS_FLZN_DATA_BD] TG002VMDBO219/TG002VMDBO219_1.vmdk"
"TG002VMDBO219","CLUSTER_PF_FLOOZ_PROD","Hard disk 4","2048","EagerZeroedThick","Persistent","[DS_FLZN_DATA_BD] TG002VMDBO219/TG002VMDBO219_2.vmdk"
"TG002VMDBO219","CLUSTER_PF_FLOOZ_PROD","Hard disk 5","2048","EagerZeroedThick","Persistent","[DS_FLZN_DATA_BD] TG002VMDBO219/TG002VMDBO219_3.vmdk"
"TG002VMDBO219","CLUSTER_PF_FLOOZ_PROD","Hard disk 6","2048","EagerZeroedThick","Persistent","[DS_FLZN_DATA_BD] TG002VMDBO219/TG002VMDBO219_4.vmdk"
"TG002VMAPP214","CLUSTER_PF_FLOOZ_PROD","Hard disk 1","500","Thick","Persistent","[DS_FLZN_OS_APP_1] TG002VMAPP214/TG002VMAPP214.vmdk"
"TG002VMAPP215","CLUSTER_PF_FLOOZ_PROD","Hard disk 1","500","Thick","Persistent","[DS_FLZN_OS_APP_2] TG002VMAPP215/TG002VMAPP215.vmdk"
"TG002VMIWB220","CLUSTER_PF_FLOOZ_PROD","Hard disk 1","500","Thick","Persistent","[DS_FLZN_OS_IWB_1] TG002VMIWB220/TG002VMIWB220.vmdk"
"TG002VMIWB220","CLUSTER_PF_FLOOZ_PROD","Hard disk 2","500","Thick","Persistent","[DS_FLZN_DATA_IWB_1] TG002VMIWB220/TG002VMIWB220.vmdk"
"TG002VMIWB220","CLUSTER_PF_FLOOZ_PROD","Hard disk 3","500","Thick","Persistent","[DS_FLZN_DATA_IWB_1] TG002VMIWB220/TG002VMIWB220_1.vmdk"
"TG002VMIWB221","CLUSTER_PF_FLOOZ_PROD","Hard disk 1","500","Thick","Persistent","[DS_FLZN_OS_IWB_2] TG002VMIWB221/TG002VMIWB221.vmdk"
"TG002VMIWB221","CLUSTER_PF_FLOOZ_PROD","Hard disk 2","500","Thick","Persistent","[DS_FLZN_DATA_IWB] TG002VMIWB222/TG002VMIWB222_1.vmdk"
"TG002VMIWB221","CLUSTER_PF_FLOOZ_PROD","Hard disk 3","500","Thick","Persistent","[DS_FLZN_DATA_IWB] TG002VMIWB222/TG002VMIWB222_2.vmdk"
"TG002VMEWB212","CLUSTER_PF_FLOOZ_PROD","Hard disk 1","500","Thick","Persistent","[DS_FLZN_OS_EWB_1] TG002VMEWB212/TG002VMEWB212.vmdk"
"TG002VMEWB212","CLUSTER_PF_FLOOZ_PROD","Hard disk 2","500","Thick","Persistent","[DS_FLZN_DATA_EWB_1] TG002VMEWB212/TG002VMEWB212.vmdk"
"TG002VMEWB212","CLUSTER_PF_FLOOZ_PROD","Hard disk 3","500","Thick","Persistent","[DS_FLZN_DATA_EWB_1] TG002VMEWB212/TG002VMEWB212_1.vmdk"
"TG002VMEWB213","CLUSTER_PF_FLOOZ_PROD","Hard disk 1","500","Thick","Persistent","[DS_FLZN_OS_EWB_2] TG002VMEWB213/TG002VMEWB213.vmdk"
"TG002VMEWB213","CLUSTER_PF_FLOOZ_PROD","Hard disk 2","500","Thick","Persistent","[DS_FLZN_DATA_EWB] TG002VMEWB214/TG002VMEWB214_1.vmdk"
"TG002VMEWB213","CLUSTER_PF_FLOOZ_PROD","Hard disk 3","500","Thick","Persistent","[DS_FLZN_DATA_EWB] TG002VMEWB214/TG002VMEWB214_2.vmdk"
"TG002VMUSD216","CLUSTER_PF_FLOOZ_PROD","Hard disk 1","500","Thick","Persistent","[DS_FLZN_OS_USD_1] TG002VMUSD216/TG002VMUSD216.vmdk"
"TG002VMUSD217","CLUSTER_PF_FLOOZ_PROD","Hard disk 1","500","Thick","Persistent","[DS_FLZN_OS_USD_2] TG002VMUSD217/TG002VMUSD217.vmdk"
"TG002VMSMC225","CLUSTER_PF_FLOOZ_PROD","Hard disk 1","500","Thick","Persistent","[DS_FLZN_OS_SMSC_1] TG002VMSMC225/TG002VMSMC225.vmdk"
"TG002VMSMC226","CLUSTER_PF_FLOOZ_PROD","Hard disk 1","500","Thick","Persistent","[DS_FLZN_OS_SMSC_2] TG002VMSMC226/TG002VMSMC226.vmdk"
"TG002VMMTR227","CLUSTER_PF_FLOOZ_PROD","Hard disk 1","500","Thick","Persistent","[DS_FLZN_OS_MTR_1] TG002VMMTR227/TG002VMMTR227_1.vmdk"
"TG002VMMTR227","CLUSTER_PF_FLOOZ_PROD","Hard disk 2","1024","Thick","Persistent","[DS_FLZN_DATA_EWB_2] TG002VMMTR227/TG002VMMTR227.vmdk"
"TG002VMMTR227","CLUSTER_PF_FLOOZ_PROD","Hard disk 3","1024","Thick","Persistent","[DS_FLZN_DATA_IWB_2] TG002VMMTR227/TG002VMMTR227.vmdk"
"TG002VMMTR228","CLUSTER_PF_FLOOZ_PROD","Hard disk 1","500","Thick","Persistent","[DS_FLZN_OS_MTR_2] TG002VMMTR228/TG002VMMTR228_1.vmdk"
"TG002VMMTR228","CLUSTER_PF_FLOOZ_PROD","Hard disk 2","1024","Thick","Persistent","[DS_FLZN_DATA_MTR] TG002VMMTR229/TG002VMMTR229.vmdk"
"TG002VMMTR228","CLUSTER_PF_FLOOZ_PROD","Hard disk 3","1024","Thick","Persistent","[DS_FLZN_DATA_MTR] TG002VMMTR229/TG002VMMTR229_1.vmdk"
"TG002VMRPT229","CLUSTER_PF_FLOOZ_PROD","Hard disk 1","921,6","Thin","Persistent","[DS_FLZN_OS_RPT_1] TG002VMRPT229/TG002VMRPT229.vmdk"
"TG002VMRPT230","CLUSTER_PF_FLOOZ_PROD","Hard disk 1","921,6","Thin","Persistent","[DS_FLZN_OS_RPT_2] TG002VMRPT230/TG002VMRPT230.vmdk"
"TG002VMTDB231","CLUSTER_PF_FLOOZ_PROD","Hard disk 1","500","Thick","Persistent","[DS_FLZN_OS_TESTSRVS] TG002VMTDB231/TG002VMTDB231.vmdk"
"TG002VMTIWB232","CLUSTER_PF_FLOOZ_PROD","Hard disk 1","500","Thin","Persistent","[DS_FLZN_OS_TESTSRVS] TG002VMTIWB232/TG002VMTIWB232.vmdk"
"TG002VMTAPP233","CLUSTER_PF_FLOOZ_PROD","Hard disk 1","500","Thin","Persistent","[DS_FLZN_OS_TESTSRVS] TG002VMTAPP233/TG002VMTAPP233.vmdk"
"TG002VMTAPI234","CLUSTER_PF_FLOOZ_PROD","Hard disk 1","500","Thin","Persistent","[DS_FLZN_OS_TESTSRVS] TG002VMTAPI234/TG002VMTAPI234.vmdk"
"TG002VMDBO224","CLUSTER_PF_FLOOZ_PROD","Hard disk 1","1024","Thick","Persistent","[DS_FLZN_OS_REPDB_1] TG002VMDBO224/TG002VMDBO224.vmdk"
"TG002VMDBO224","CLUSTER_PF_FLOOZ_PROD","Hard disk 2","1024","Thick","Persistent","[DS_FLZN_DATA_REPDB_1] TG002VMDBO224/TG002VMDBO224.vmdk"
"TG002VMDBO224","CLUSTER_PF_FLOOZ_PROD","Hard disk 3","1024","Thick","Persistent","[DS_FLZN_DATA_REPDB_1] TG002VMDBO224/TG002VMDBO224_1.vmdk"
"TG002VMDBO224","CLUSTER_PF_FLOOZ_PROD","Hard disk 4","1024","Thick","Persistent","[DS_FLZN_DATA_REPDB_1] TG002VMDBO224/TG002VMDBO224_2.vmdk"
"TG002VMDBO224","CLUSTER_PF_FLOOZ_PROD","Hard disk 5","1024","Thick","Persistent","[DS_FLZN_DATA_REPDB_1] TG002VMDBO224/TG002VMDBO224_3.vmdk"
"TG002VMDBO224","CLUSTER_PF_FLOOZ_PROD","Hard disk 6","1024","Thick","Persistent","[DS_FLZN_DATA_REPDB_1] TG002VMDBO224/TG002VMDBO224_4.vmdk"
"TG002VMDBO224","CLUSTER_PF_FLOOZ_PROD","Hard disk 7","1024","Thick","Persistent","[DS_FLZN_DATA_REPDB_1] TG002VMDBO224/TG002VMDBO224_5.vmdk"
"TG002VMDBO224","CLUSTER_PF_FLOOZ_PROD","Hard disk 8","1024","Thick","Persistent","[DS_FLZN_DATA_REPDB_1] TG002VMDBO224/TG002VMDBO224_6.vmdk"
"TG002VMDBO224","CLUSTER_PF_FLOOZ_PROD","Hard disk 9","1024","Thick","Persistent","[DS_FLZN_DATA_REPDB_1] TG002VMDBO224/TG002VMDBO224_7.vmdk"
"TG002VMDBO224","CLUSTER_PF_FLOOZ_PROD","Hard disk 10","1024","Thick","Persistent","[DS_FLZN_DATA_REPDB_1] TG002VMDBO224/TG002VMDBO224_8.vmdk"
"TG002VMDBO224","CLUSTER_PF_FLOOZ_PROD","Hard disk 11","1024","Thick","Persistent","[DS_FLZN_DATA_REPDB_1] TG002VMDBO224/TG002VMDBO224_9.vmdk"
"TG002VMDBO224","CLUSTER_PF_FLOOZ_PROD","Hard disk 12","1024","Thin","Persistent","[DS_FLZN_DATA_REPDB_1] TG002VMDBO224/TG002VMDBO224_10.vmdk"
"TG002VMDBO224","CLUSTER_PF_FLOOZ_PROD","Hard disk 13","1228,8","Thin","Persistent","[DS_FLZN_DATA_REPDB_1(2)] TG002VMDBO224/TG002VMDBO224.vmdk"
"TG002VMAPP216","CLUSTER_PF_FLOOZ_PROD","Hard disk 1","500","Thick","Persistent","[DS_FLZN_OS_APP_3] TG002VMAPP216/TG002VMAPP216.vmdk"
"TG002VMAPI212","CLUSTER_PF_FLOOZ_PROD","Hard disk 1","500","Thick","Persistent","[DS_FLZN_OS_API_3] TG002VMAPI212/TG002VMAPI212.vmdk"
"TG002VMUSD218","CLUSTER_PF_FLOOZ_PROD","Hard disk 1","500","Thick","Persistent","[DS_FLZN_OS_USD_3] TG002VMUSD218/TG002VMUSD218.vmdk"
"TG002VMUSD219","CLUSTER_PF_FLOOZ_PROD","Hard disk 1","500","Thick","Persistent","[DS_FLZN_OS_USD_4] TG002VMUSD219/TG002VMUSD219.vmdk"
"TG002VMDBO225","CLUSTER_PF_FLOOZ_PROD","Hard disk 1","1024","Thick","Persistent","[DS_FLZN_OS_REPDB_2] TG002VMDBO225/TG002VMDBO225.vmdk"
"TG002VMDBO225","CLUSTER_PF_FLOOZ_PROD","Hard disk 2","1024","Thick","Persistent","[DS_FLZN_DATA_REPDB_2] TG002VMDBO225/TG002VMDBO225.vmdk"
"TG002VMDBO225","CLUSTER_PF_FLOOZ_PROD","Hard disk 3","1024","Thick","Persistent","[DS_FLZN_DATA_REPDB_2] TG002VMDBO225/TG002VMDBO225_1.vmdk"
"TG002VMDBO225","CLUSTER_PF_FLOOZ_PROD","Hard disk 4","1024","Thick","Persistent","[DS_FLZN_DATA_REPDB_2] TG002VMDBO225/TG002VMDBO225_2.vmdk"
"TG002VMDBO225","CLUSTER_PF_FLOOZ_PROD","Hard disk 5","1024","Thick","Persistent","[DS_FLZN_DATA_REPDB_2] TG002VMDBO225/TG002VMDBO225_3.vmdk"
"TG002VMDBO225","CLUSTER_PF_FLOOZ_PROD","Hard disk 6","1024","Thick","Persistent","[DS_FLZN_DATA_REPDB_2] TG002VMDBO225/TG002VMDBO225_4.vmdk"
"TG002VMDBO225","CLUSTER_PF_FLOOZ_PROD","Hard disk 7","1024","Thick","Persistent","[DS_FLZN_DATA_REPDB_2] TG002VMDBO225/TG002VMDBO225_5.vmdk"
"TG002VMDBO225","CLUSTER_PF_FLOOZ_PROD","Hard disk 8","1024","Thick","Persistent","[DS_FLZN_DATA_REPDB_2] TG002VMDBO225/TG002VMDBO225_6.vmdk"
"TG002VMDBO225","CLUSTER_PF_FLOOZ_PROD","Hard disk 9","1024","Thick","Persistent","[DS_FLZN_DATA_REPDB_2] TG002VMDBO225/TG002VMDBO225_7.vmdk"
"TG002VMDBO225","CLUSTER_PF_FLOOZ_PROD","Hard disk 10","1024","Thick","Persistent","[DS_FLZN_DATA_REPDB_2] TG002VMDBO225/TG002VMDBO225_8.vmdk"
"TG002VMDBO225","CLUSTER_PF_FLOOZ_PROD","Hard disk 11","1024","Thick","Persistent","[DS_FLZN_DATA_REPDB_2] TG002VMDBO225/TG002VMDBO225_9.vmdk"
"TG002VMPPP001_old","CLUSTER_PF_FLOOZ_PROD","Hard disk 1","500","Thick","Persistent","[DS_FLZN_OS_3PP] TG002VMPPP001/TG002VMPPP001.vmdk"
"TG002VMPPP002","CLUSTER_PF_FLOOZ_PROD","Hard disk 1","500","Thick","Persistent","[DS_FLZN_OS_3PP] TG002VMPPP002/TG002VMPPP002.vmdk"
"TG002VMPPP003","CLUSTER_PF_FLOOZ_PROD","Hard disk 1","500","Thick","Persistent","[DS_FLZN_OS_3PP] TG002VMPPP003/TG002VMPPP003.vmdk"
"TG002VMPPP004","CLUSTER_PF_FLOOZ_PROD","Hard disk 1","500","Thick","Persistent","[DS_FLZN_OS_3PP] TG002VMPPP004/TG002VMPPP004.vmdk"
"TG002VMRPA001","CLUSTER_PF_FLOOZ_PROD","Hard disk 1","1024","Thick","Persistent","[DS_FLZN_OS_RPA] TG002VMRPA001/TG002VMRPA001.vmdk"
"TG002VMRPA002","CLUSTER_PF_FLOOZ_PROD","Hard disk 1","1024","Thick","Persistent","[DS_FLZN_OS_RPA] TG002VMRPA002/TG002VMRPA002.vmdk"
"TG002VMBKP001","CLUSTER_PF_FLOOZ_PROD","Hard disk 1","8192","Thick","Persistent","[DS_FLZN_OS_BACKUP] TG002VMBKP001/TG002VMBKP001.vmdk"
"TG002VMBKP001","CLUSTER_PF_FLOOZ_PROD","Hard disk 2","1024","Thick","Persistent","[DS_FLZN_OS_BACKUP] TG002VMBKP001/TG002VMBKP001_1.vmdk"
"TG002VMBKP001","CLUSTER_PF_FLOOZ_PROD","Hard disk 3","1024","Thick","Persistent","[DS_FLZN_OS_BACKUP] TG002VMBKP001/TG002VMBKP001_2.vmdk"
"TG002VMBKP001","CLUSTER_PF_FLOOZ_PROD","Hard disk 4","1024","Thick","Persistent","[DS_FLZN_OS_BACKUP] TG002VMBKP001/TG002VMBKP001_3.vmdk"
"TG002VMBKP001","CLUSTER_PF_FLOOZ_PROD","Hard disk 5","1024","Thick","Persistent","[DS_FLZN_OS_BACKUP] TG002VMBKP001/TG002VMBKP001_4.vmdk"
"TG002VMBKP001","CLUSTER_PF_FLOOZ_PROD","Hard disk 6","1024","Thick","Persistent","[DS_FLZN_OS_BACKUP] TG002VMBKP001/TG002VMBKP001_5.vmdk"
"TG002VMBKP001","CLUSTER_PF_FLOOZ_PROD","Hard disk 7","1024","Thick","Persistent","[DS_FLZN_OS_BACKUP] TG002VMBKP001/TG002VMBKP001_6.vmdk"
"TG002VMBKP001","CLUSTER_PF_FLOOZ_PROD","Hard disk 8","1024","Thick","Persistent","[DS_FLZN_OS_BACKUP] TG002VMBKP001/TG002VMBKP001_7.vmdk"
"TG002VMBKP001","CLUSTER_PF_FLOOZ_PROD","Hard disk 9","1024","Thick","Persistent","[DS_FLZN_OS_BACKUP] TG002VMBKP001/TG002VMBKP001_8.vmdk"
"TG002VMBKP001","CLUSTER_PF_FLOOZ_PROD","Hard disk 10","1024","Thick","Persistent","[DS_FLZN_OS_BACKUP] TG002VMBKP001/TG002VMBKP001_9.vmdk"
"TG002VMBKP001","CLUSTER_PF_FLOOZ_PROD","Hard disk 11","1024","Thick","Persistent","[DS_FLZN_OS_BACKUP] TG002VMBKP001/TG002VMBKP001_10.vmdk"
"TG002VMPPP001","CLUSTER_PF_FLOOZ_PROD","Hard disk 1","500","Thick","Persistent","[DS_FLZN_OS_3PP] TG002VMPPP001_1/TG002VMPPP001.vmdk"
"TG002VMBKP102","CLUSTER_PF_FLOOZ_PROD","Hard disk 1","1024","Thick","Persistent","[DS_FLZ_BACKUP] TG002VMBKP102/TG002VMBKP102.vmdk"
"TG002VMBKP102","CLUSTER_PF_FLOOZ_PROD","Hard disk 2","1024","Thick","Persistent","[DS_FLZ_BACKUP] TG002VMBKP102/TG002VMBKP102_1.vmdk"
"TG002VMBKP102","CLUSTER_PF_FLOOZ_PROD","Hard disk 3","1024","Thick","Persistent","[DS_FLZ_BACKUP] TG002VMBKP102/TG002VMBKP102_2.vmdk"
"TG002VMBKP102","CLUSTER_PF_FLOOZ_PROD","Hard disk 4","1024","Thick","Persistent","[DS_FLZ_BACKUP] TG002VMBKP102/TG002VMBKP102_3.vmdk"
"TG002VMBKP102","CLUSTER_PF_FLOOZ_PROD","Hard disk 5","1024","Thick","Persistent","[DS_FLZ_BACKUP] TG002VMBKP102/TG002VMBKP102_4.vmdk"
"vproxy-fz_OLD","CLUSTER_PF_FLOOZ_PROD","Hard disk 1","58,59","Thin","Persistent","[DS_FLZ_BACKUP] vproxy-fz/vproxy-fz.vmdk"
"vproxy-fz_OLD","CLUSTER_PF_FLOOZ_PROD","Hard disk 2","97,66","Thin","Persistent","[DS_FLZ_BACKUP] vproxy-fz/vproxy-fz_1.vmdk"
"TG002VMAPI213","CLUSTER_PF_FLOOZ_PROD","Hard disk 1","500","Thick","Persistent","[DS_FLZN_OS_API] TG002VMAPI213/TG002VMAPI213.vmdk"
"TG002VMAPI214","CLUSTER_PF_FLOOZ_PROD","Hard disk 1","500","Thick","Persistent","[DS_FLZN_OS_API] TG002VMAPI214/TG002VMAPI214.vmdk"
"TG002VMAPP217","CLUSTER_PF_FLOOZ_PROD","Hard disk 1","500","Thick","Persistent","[DS_FLZN_OS_APP] TG002VMAPP217/TG002VMAPP217.vmdk"
"TG002VMDBO220","CLUSTER_PF_FLOOZ_PROD","Hard disk 1","1024","Thick","Persistent","[DS_FLZN_OS_BD] TG002VMDBO220/TG002VMDBO220.vmdk"
"TG002VMDBO220","CLUSTER_PF_FLOOZ_PROD","Hard disk 2","2048","EagerZeroedThick","Persistent","[DS_FLZN_DATA_BD] TG002VMDBO219/TG002VMDBO219.vmdk"
"TG002VMDBO220","CLUSTER_PF_FLOOZ_PROD","Hard disk 3","2048","EagerZeroedThick","Persistent","[DS_FLZN_DATA_BD] TG002VMDBO219/TG002VMDBO219_1.vmdk"
"TG002VMDBO220","CLUSTER_PF_FLOOZ_PROD","Hard disk 4","2048","EagerZeroedThick","Persistent","[DS_FLZN_DATA_BD] TG002VMDBO219/TG002VMDBO219_2.vmdk"
"TG002VMDBO220","CLUSTER_PF_FLOOZ_PROD","Hard disk 5","2048","EagerZeroedThick","Persistent","[DS_FLZN_DATA_BD] TG002VMDBO219/TG002VMDBO219_3.vmdk"
"TG002VMDBO220","CLUSTER_PF_FLOOZ_PROD","Hard disk 6","2048","EagerZeroedThick","Persistent","[DS_FLZN_DATA_BD] TG002VMDBO219/TG002VMDBO219_4.vmdk"
"TG002VMEWB214","CLUSTER_PF_FLOOZ_PROD","Hard disk 1","500","Thick","Persistent","[DS_FLZN_OS_EWB] TG002VMEWB214/TG002VMEWB214.vmdk"
"TG002VMEWB214","CLUSTER_PF_FLOOZ_PROD","Hard disk 2","500","Thick","Persistent","[DS_FLZN_DATA_EWB] TG002VMEWB214/TG002VMEWB214_1.vmdk"
"TG002VMEWB214","CLUSTER_PF_FLOOZ_PROD","Hard disk 3","500","Thick","Persistent","[DS_FLZN_DATA_EWB] TG002VMEWB214/TG002VMEWB214_2.vmdk"
"TG002VMIWB222","CLUSTER_PF_FLOOZ_PROD","Hard disk 1","500","Thick","Persistent","[DS_FLZN_OS_IWB] TG002VMIWB222/TG002VMIWB222.vmdk"
"TG002VMIWB222","CLUSTER_PF_FLOOZ_PROD","Hard disk 2","500","Thick","Persistent","[DS_FLZN_DATA_IWB] TG002VMIWB222/TG002VMIWB222_1.vmdk"
"TG002VMIWB222","CLUSTER_PF_FLOOZ_PROD","Hard disk 3","500","Thick","Persistent","[DS_FLZN_DATA_IWB] TG002VMIWB222/TG002VMIWB222_2.vmdk"
"TG002VMMTR229","CLUSTER_PF_FLOOZ_PROD","Hard disk 1","500","Thick","Persistent","[DS_FLZN_OS_MTR] TG002VMMTR229/TG002VMMTR229.vmdk"
"TG002VMMTR229","CLUSTER_PF_FLOOZ_PROD","Hard disk 2","1024","Thick","Persistent","[DS_FLZN_DATA_MTR] TG002VMMTR229/TG002VMMTR229.vmdk"
"TG002VMMTR229","CLUSTER_PF_FLOOZ_PROD","Hard disk 3","1024","Thick","Persistent","[DS_FLZN_DATA_MTR] TG002VMMTR229/TG002VMMTR229_1.vmdk"
"TG002VMPPP005","CLUSTER_PF_FLOOZ_PROD","Hard disk 1","500","Thick","Persistent","[DS_FLZN_OS_3PP(2)] TG002VMPPP005/TG002VMPPP005.vmdk"
"TG002VMPPP006","CLUSTER_PF_FLOOZ_PROD","Hard disk 1","500","Thick","Persistent","[DS_FLZN_OS_3PP(2)] TG002VMPPP006/TG002VMPPP006.vmdk"
"TG002VMSMC227","CLUSTER_PF_FLOOZ_PROD","Hard disk 1","500","Thick","Persistent","[DS_FLZN_OS_SMSC] TG002VMSMC227/TG002VMSMC227.vmdk"
"TG002VMUSD220","CLUSTER_PF_FLOOZ_PROD","Hard disk 1","500","Thick","Persistent","[DS_FLZN_OS_USSD] TG002VMUSD220/TG002VMUSD220.vmdk"
"TG002VMUSD221","CLUSTER_PF_FLOOZ_PROD","Hard disk 1","500","Thick","Persistent","[DS_FLZN_OS_USSD] TG002VMUSD221/TG002VMUSD221.vmdk"
"TG002VMSMTP223","CLUSTER_PF_FLOOZ_PROD","Hard disk 1","200","Thin","Persistent","[DS_FLZN_DATA_USSD] TG002VMSMTP223/TG002VMSMTP223.vmdk"
