"Datastore","Type","CapacityGB","FreeSpaceGB","UsedSpaceGB","UsedPercent","Accessible","HostCount","VMCount","Hosts"
"DS_OS_GFA","VMFS","399,75","276,42","123,33","30,85","True","2","0","tg002pminf045.moov-africa.tg;tg002pminf046.moov-africa.tg"
"DS_DATA_RELEVES_n","VMFS","15359,75","214,96","15144,79","98,60","True","2","0","tg002pminf045.moov-africa.tg;tg002pminf046.moov-africa.tg"
"DS_OS_RELEVES","VMFS","399","160,08","238,92","59,88","True","2","0","tg002pminf045.moov-africa.tg;tg002pminf046.moov-africa.tg"
"DS_DATA_APP133","VMFS","2047,75","2045,84","1,91","0,09","True","2","1","tg002pminf045.moov-africa.tg;tg002pminf046.moov-africa.tg"
"DS_FLZN_OS_RMM","VMFS","499,75","436,14","63,61","12,73","True","2","0","tg002pminf045.moov-africa.tg;tg002pminf046.moov-africa.tg"
"DS_FLZN_OS_APP_3","VMFS","1023,75","490,00","533,75","52,14","True","2","1","tg002pminf045.moov-africa.tg;tg002pminf046.moov-africa.tg"
"DS_OS_MPM","VMFS","2047,75","1727,69","320,06","15,63","True","2","1","tg002pminf045.moov-africa.tg;tg002pminf046.moov-africa.tg"
"DS_FLZN_DATA_IWB_1","VMFS","2047,75","1046,30","1001,45","48,91","True","2","1","tg002pminf045.moov-africa.tg;tg002pminf046.moov-africa.tg"
"DS_FLZN_OS_BD_2","VMFS","1535,75","445,87","1089,88","70,97","True","2","1","tg002pminf045.moov-africa.tg;tg002pminf046.moov-africa.tg"
"DS_FLZN_DATA_EWB","VMFS","4095,75","3094,28","1001,47","24,45","True","2","2","tg002pminf045.moov-africa.tg;tg002pminf046.moov-africa.tg"
"DS_FLZN_DATA_APP_2","VMFS","2047,75","2046,31","1,44","0,07","True","2","0","tg002pminf045.moov-africa.tg;tg002pminf046.moov-africa.tg"
"DS_FLZN_DATA_BD_3","VMFS","3071,75","3070,29","1,46","0,05","True","2","0","tg002pminf045.moov-africa.tg;tg002pminf046.moov-africa.tg"
"DS_FLZN_DATA_REPDB_1(2)","VMFS","11263,75","10405,56","858,19","7,62","True","2","2","tg002pminf045.moov-africa.tg;tg002pminf046.moov-africa.tg"
"DS_OS_CTRIX","VMFS","5119,75","4646,84","472,91","9,24","True","2","0","tg002pminf045.moov-africa.tg;tg002pminf046.moov-africa.tg"
"DS_FLZN_DATA_IWB_2","VMFS","2047,75","1022,30","1025,45","50,08","True","2","1","tg002pminf045.moov-africa.tg;tg002pminf046.moov-africa.tg"
"DS_FLZN_DATA_USD_1","VMFS","2047,75","2046,31","1,44","0,07","True","2","0","tg002pminf045.moov-africa.tg;tg002pminf046.moov-africa.tg"
"DS_OS_ARIA","VMFS","499,75","208,25","291,50","58,33","True","2","0","tg002pminf045.moov-africa.tg;tg002pminf046.moov-africa.tg"
"DS_FLZN_DATA_IVR","VMFS","4095,75","4094,28","1,47","0,04","True","2","0","tg002pminf045.moov-africa.tg;tg002pminf046.moov-africa.tg"
"DS_FLZN_DATA_REPDB_2(2)","VMFS","11263,75","11258,37","5,38","0,05","True","2","2","tg002pminf045.moov-africa.tg;tg002pminf046.moov-africa.tg"
"DS_FLZN_OS_MTR_2","VMFS","2047,75","1482,00","565,75","27,63","True","2","1","tg002pminf045.moov-africa.tg;tg002pminf046.moov-africa.tg"
"DS_FLZN_DATA_BD_1","VMFS","10751,75","509,83","10241,92","95,26","True","2","1","tg002pminf045.moov-africa.tg;tg002pminf046.moov-africa.tg"
"DS_FLZN_OS_SMSC_2","VMFS","1023,75","522,33","501,42","48,98","True","2","1","tg002pminf045.moov-africa.tg;tg002pminf046.moov-africa.tg"
"ESXI02LDS","VMFS","150,75","149,34","1,41","0,93","True","1","0","tg002pminf046.moov-africa.tg"
"DS_FLZN_DATA_USSD","VMFS","4095,75","4023,17","72,58","1,77","True","2","1","tg002pminf045.moov-africa.tg;tg002pminf046.moov-africa.tg"
"DS_FLZN_OS_3PP(2)","VMFS","4095,75","3094,28","1001,47","24,45","True","2","2","tg002pminf045.moov-africa.tg;tg002pminf046.moov-africa.tg"
"DS_FLZN_OS_APP_2","VMFS","1023,75","490,02","533,73","52,13","True","2","1","tg002pminf045.moov-africa.tg;tg002pminf046.moov-africa.tg"
"DS_FLZN_DATA_BD_4","VMFS","3071,75","3070,29","1,46","0,05","True","2","0","tg002pminf045.moov-africa.tg;tg002pminf046.moov-africa.tg"
"DS_FLZN_OS_BD_3","VMFS","499,75","498,34","1,41","0,28","True","2","0","tg002pminf045.moov-africa.tg;tg002pminf046.moov-africa.tg"
"DS_FLZN_DATA_REPDB_1","VMFS","11751,75","485,78","11265,97","95,87","True","2","1","tg002pminf045.moov-africa.tg;tg002pminf046.moov-africa.tg"
"DS_FLZN_OS_EWB_2","VMFS","1023,75","458,04","565,71","55,26","True","2","1","tg002pminf045.moov-africa.tg;tg002pminf046.moov-africa.tg"
"DS_FLZN_OS_MTR_1","VMFS","2047,75","1481,99","565,76","27,63","True","2","1","tg002pminf045.moov-africa.tg;tg002pminf046.moov-africa.tg"
"DS_FLZN_OS_BD_1","VMFS","1535,75","445,89","1089,86","70,97","True","2","1","tg002pminf045.moov-africa.tg;tg002pminf046.moov-africa.tg"
"DS_FLZN_OS_SMSC","VMFS","2047,75","1546,31","501,44","24,49","True","2","1","tg002pminf045.moov-africa.tg;tg002pminf046.moov-africa.tg"
"DS_FLZN_OS_API_3","VMFS","1023,75","522,33","501,42","48,98","True","2","1","tg002pminf045.moov-africa.tg;tg002pminf046.moov-africa.tg"
"DS_FLZN_OS_IWB_1","VMFS","1023,75","458,03","565,72","55,26","True","2","1","tg002pminf045.moov-africa.tg;tg002pminf046.moov-africa.tg"
"DS_OS_PORTING (1)","VMFS","1023,75","518,13","505,62","49,39","True","2","1","tg002pminf045.moov-africa.tg;tg002pminf046.moov-africa.tg"
"DS_FLZN_OS_USD_1","VMFS","1023,75","490,00","533,75","52,14","True","2","1","tg002pminf045.moov-africa.tg;tg002pminf046.moov-africa.tg"
"DS_FLZN_OS_IVR","VMFS","2047,75","2046,31","1,44","0,07","True","2","0","tg002pminf045.moov-africa.tg;tg002pminf046.moov-africa.tg"
"DS_FLZN_DATA_API_2","VMFS","2047,75","2046,31","1,44","0,07","True","2","0","tg002pminf045.moov-africa.tg;tg002pminf046.moov-africa.tg"
"DS_COD_CREDABLE","VMFS","5119,75","4675,34","444,41","8,68","True","2","14","tg002pminf045.moov-africa.tg;tg002pminf046.moov-africa.tg"
"DS_FLZN_DATA_API","VMFS","4095,75","4094,28","1,47","0,04","True","2","0","tg002pminf045.moov-africa.tg;tg002pminf046.moov-africa.tg"
"DS_FLZN_OS_TESTSRVS","VMFS","2047,75","1479,87","567,88","27,73","True","2","4","tg002pminf045.moov-africa.tg;tg002pminf046.moov-africa.tg"
"DS_FLZN_OS_BD","VMFS","4095,75","3005,84","1089,91","26,61","True","2","1","tg002pminf045.moov-africa.tg;tg002pminf046.moov-africa.tg"
"DS_FLZN_OS_USSD","VMFS","4095,75","3094,28","1001,47","24,45","True","2","2","tg002pminf045.moov-africa.tg;tg002pminf046.moov-africa.tg"
"DS_FLZN_DATA_APP_1","VMFS","2047,75","2046,31","1,44","0,07","True","2","0","tg002pminf045.moov-africa.tg;tg002pminf046.moov-africa.tg"
"DS_FLZN_OS_IVR_1","VMFS","1023,75","1022,33","1,42","0,14","True","2","0","tg002pminf045.moov-africa.tg;tg002pminf046.moov-africa.tg"
"DS_FLZN_OS_EWB","VMFS","2047,75","1546,31","501,44","24,49","True","2","1","tg002pminf045.moov-africa.tg;tg002pminf046.moov-africa.tg"
"DS_FLZN_OS_APP","VMFS","3071,75","2405,77","665,98","21,68","True","2","2","tg002pminf045.moov-africa.tg;tg002pminf046.moov-africa.tg"
"DS_DATA_XF_NEW","VMFS","5119,75","2046,90","3072,85","60,02","True","2","0","tg002pminf045.moov-africa.tg;tg002pminf046.moov-africa.tg"
"DS_FLZN_OS_MTR","VMFS","4095,75","3594,28","501,47","12,24","True","2","1","tg002pminf045.moov-africa.tg;tg002pminf046.moov-africa.tg"
"DS_FLZN_DATA_VA","VMFS","3071,75","3070,29","1,46","0,05","True","2","0","tg002pminf045.moov-africa.tg;tg002pminf046.moov-africa.tg"
"DS_FLZN_OS_USD_2","VMFS","1023,75","490,02","533,73","52,13","True","2","1","tg002pminf045.moov-africa.tg;tg002pminf046.moov-africa.tg"
"DS_FLZN_OS_REPDB","VMFS","3071,75","3070,29","1,46","0,05","True","2","0","tg002pminf045.moov-africa.tg;tg002pminf046.moov-africa.tg"
"DS_FLZN_DATA_BD","VMFS","16383,75","6141,58","10242,17","62,51","True","2","2","tg002pminf045.moov-africa.tg;tg002pminf046.moov-africa.tg"
"DS_FLZN_DATA_REPDB_2","VMFS","11751,75","1509,78","10241,97","87,15","True","2","1","tg002pminf045.moov-africa.tg;tg002pminf046.moov-africa.tg"
"DS_FLZN_OS_RPT_2","VMFS","1023,75","1022,33","1,42","0,14","True","2","1","tg002pminf045.moov-africa.tg;tg002pminf046.moov-africa.tg"
"DS_FLZN_DATA_USD_2","VMFS","2047,75","2046,31","1,44","0,07","True","2","0","tg002pminf045.moov-africa.tg;tg002pminf046.moov-africa.tg"
"DS_FLZ_BACKUP","VMFS","6143,75","985,54","5158,21","83,96","True","2","2","tg002pminf045.moov-africa.tg;tg002pminf046.moov-africa.tg"
"DS_FLZN_OS_VA_1","VMFS","1023,75","1022,33","1,42","0,14","True","2","0","tg002pminf045.moov-africa.tg;tg002pminf046.moov-africa.tg"
"DS_FLZN_DATA_EWB_2","VMFS","2047,75","1022,30","1025,45","50,08","True","2","1","tg002pminf045.moov-africa.tg;tg002pminf046.moov-africa.tg"
"DS_FLZN_OS_VA","VMFS","2047,75","2046,31","1,44","0,07","True","2","0","tg002pminf045.moov-africa.tg;tg002pminf046.moov-africa.tg"
"DS_DATA_GFA","VMFS","999,75","998,04","1,71","0,17","True","2","0","tg002pminf045.moov-africa.tg;tg002pminf046.moov-africa.tg"
"DS_FLZN_OS_IWB","VMFS","2047,75","1546,31","501,44","24,49","True","2","1","tg002pminf045.moov-africa.tg;tg002pminf046.moov-africa.tg"
"DS_FLZN_DATA_APP","VMFS","4095,75","4094,28","1,47","0,04","True","2","0","tg002pminf045.moov-africa.tg;tg002pminf046.moov-africa.tg"
"DS_OS_APP133","VMFS","499,75","322,61","177,14","35,45","True","2","0","tg002pminf045.moov-africa.tg;tg002pminf046.moov-africa.tg"
"DS_FLZN_OS_API","VMFS","3071,75","2070,29","1001,46","32,60","True","2","2","tg002pminf045.moov-africa.tg;tg002pminf046.moov-africa.tg"
"DS_FLZN_OS_BACKUP","VMFS","20479,75","2045,39","18434,36","90,01","True","2","1","tg002pminf045.moov-africa.tg;tg002pminf046.moov-africa.tg"
"DS_FLZN_OS_RPA","VMFS","2559,75","510,30","2049,45","80,06","True","2","2","tg002pminf045.moov-africa.tg;tg002pminf046.moov-africa.tg"
"DS_OS_VCT","VMFS","599,75","241,31","358,44","59,76","True","2","1","tg002pminf045.moov-africa.tg;tg002pminf046.moov-africa.tg"
"DS_FLZN_DATA_EWB_1","VMFS","2047,75","1046,30","1001,45","48,91","True","2","1","tg002pminf045.moov-africa.tg;tg002pminf046.moov-africa.tg"
"DS_FLZN_OS_API_1","VMFS","1023,75","522,30","501,45","48,98","True","2","1","tg002pminf045.moov-africa.tg;tg002pminf046.moov-africa.tg"
"DS_FLZN_OS_RPT_1","VMFS","1023,75","1022,33","1,42","0,14","True","2","1","tg002pminf045.moov-africa.tg;tg002pminf046.moov-africa.tg"
"DS_FLZN_OS_3PP","VMFS","4095,75","1561,70","2534,05","61,87","True","2","5","tg002pminf045.moov-africa.tg;tg002pminf046.moov-africa.tg"
"ESXI01LDS","VMFS","150,75","149,34","1,41","0,93","True","1","0","tg002pminf045.moov-africa.tg"
"DS_FLZN_DATA_IVR_1","VMFS","2047,75","2046,31","1,44","0,07","True","2","0","tg002pminf045.moov-africa.tg;tg002pminf046.moov-africa.tg"
"DS_FLZN_OS_EWB_1","VMFS","1023,75","458,03","565,72","55,26","True","2","1","tg002pminf045.moov-africa.tg;tg002pminf046.moov-africa.tg"
"DS_OS_XFILE_035","VMFS","499,75","367,18","132,57","26,53","True","2","0","tg002pminf045.moov-africa.tg;tg002pminf046.moov-africa.tg"
"DS_FLZN_OS_REPDB_2","VMFS","1535,75","510,32","1025,43","66,77","True","2","1","tg002pminf045.moov-africa.tg;tg002pminf046.moov-africa.tg"
"DS_FLZN_OS_IVR_2","VMFS","1023,75","1022,33","1,42","0,14","True","2","0","tg002pminf045.moov-africa.tg;tg002pminf046.moov-africa.tg"
"DS_FLZN_OS_APP_1","VMFS","1023,75","490,00","533,75","52,14","True","2","1","tg002pminf045.moov-africa.tg;tg002pminf046.moov-africa.tg"
"DS_OS_DBSQL-2","VMFS","2047,75","1930,69","117,06","5,72","True","2","0","tg002pminf045.moov-africa.tg;tg002pminf046.moov-africa.tg"
"LUN_FLZN_BKP","VMFS","6143,75","6142,25","1,50","0,02","True","2","0","tg002pminf045.moov-africa.tg;tg002pminf046.moov-africa.tg"
"DS_FLZN_DATA_VA_2","VMFS","1023,75","1022,33","1,42","0,14","True","2","0","tg002pminf045.moov-africa.tg;tg002pminf046.moov-africa.tg"
"DS_FLZN_OS_SMSC_1","VMFS","1023,75","490,00","533,75","52,14","True","2","1","tg002pminf045.moov-africa.tg;tg002pminf046.moov-africa.tg"
"DS_FLZN_OS_IWB_2","VMFS","1023,75","458,04","565,71","55,26","True","2","1","tg002pminf045.moov-africa.tg;tg002pminf046.moov-africa.tg"
"DS_FLZN_OS_BD_4","VMFS","499,75","498,34","1,41","0,28","True","2","0","tg002pminf045.moov-africa.tg;tg002pminf046.moov-africa.tg"
"DS_FLZN_OS_API_2","VMFS","1023,75","522,33","501,42","48,98","True","2","1","tg002pminf045.moov-africa.tg;tg002pminf046.moov-africa.tg"
"DS_IMAGES_ISO","VMFS","399,75","345,03","54,72","13,69","True","2","70","tg002pminf045.moov-africa.tg;tg002pminf046.moov-africa.tg"
"DS_FLZN_DATA_API_1","VMFS","2047,75","1858,02","189,73","9,27","True","2","2","tg002pminf045.moov-africa.tg;tg002pminf046.moov-africa.tg"
"DS_FLZN_DATA_IWB","VMFS","4095,75","3094,28","1001,47","24,45","True","2","2","tg002pminf045.moov-africa.tg;tg002pminf046.moov-africa.tg"
"DS_FLZN_OS_USD_4","VMFS","1023,75","522,33","501,42","48,98","True","2","1","tg002pminf045.moov-africa.tg;tg002pminf046.moov-africa.tg"
"DS_PROJET_OCD","VMFS","5119,75","2392,55","2727,20","53,27","True","2","5","tg002pminf045.moov-africa.tg;tg002pminf046.moov-africa.tg"
"DS_FLZN_DATA_VA_1","VMFS","2047,75","2046,31","1,44","0,07","True","2","0","tg002pminf045.moov-africa.tg;tg002pminf046.moov-africa.tg"
"DS_FLZN_DATA_MTR","VMFS","4095,75","2046,28","2049,47","50,04","True","2","2","tg002pminf045.moov-africa.tg;tg002pminf046.moov-africa.tg"
"DS_FLZN_OS_REPDB_1","VMFS","1535,75","445,90","1089,85","70,97","True","2","1","tg002pminf045.moov-africa.tg;tg002pminf046.moov-africa.tg"
"DS_FLZN_OS_VA_2","VMFS","1023,75","1022,33","1,42","0,14","True","2","0","tg002pminf045.moov-africa.tg;tg002pminf046.moov-africa.tg"
"DS_FLZN_OS_USD_3","VMFS","1023,75","522,30","501,45","48,98","True","2","1","tg002pminf045.moov-africa.tg;tg002pminf046.moov-africa.tg"
